id,PM2.5,CO2,O3,CO,NO2,Valor_0_1
1,35,398,0.23,33.1,0.01,0
2,53,406,0.58,49.7,0.01,0
3,49,411,0.6,47.6,0.54,0
4,48,413,0.57,45.4,0.52,0
5,47,415,0.6,43.2,0.58,0
6,45,413,0.6,41,0.55,0
7,47,413,0.58,38.8,0.42,0
8,47,409,0.6,49,0.28,0
9,68,409,0.57,36.6,0.19,0
10,69,413,0.58,34.8,0.47,0
11,42,413,0.58,33.1,0.01,0
12,48,413,0.6,27.8,0.01,0
13,47,413,0.6,31.3,0.01,0
14,45,413,0.6,36.6,0.01,0
15,47,402,0.6,34.4,0.01,0
16,54,398,0.6,36.5,0.14,0
17,68,398,0.58,32.2,0.01,0
18,74,403,0.6,47.6,0.87,0
19,64,411,0.57,44.8,0.01,0
20,69,413,0.6,28.1,0.01,0
21,68,406,0.6,29.1,0.01,0
22,60,402,0.58,30.2,0.01,0
23,74,398,0.6,31.3,0.01,0
24,69,398,0.57,32.4,0.01,0
25,69,403,0.58,33.6,0.01,0
26,74,406,0.6,46.2,0.01,0
27,69,411,0.58,34.8,0.01,0
28,68,409,0.6,37.2,0.01,0
29,60,409,0.6,38.5,0.01,0
30,74,413,0.57,39.7,0.01,0
31,69,415,0.6,40.9,0.01,0
32,69,413,0.6,42.2,0.01,0
33,68,406,0.58,43.5,0.01,0
34,57,402,0.6,36,0.01,0
35,60,398,0.57,30,0.01,0
36,68,398,0.6,27.8,0.01,0
37,60,403,0.58,31.3,0.07,0
38,59,407,0.6,43.2,0.87,0
39,57,411,0.57,40.9,0.77,0
40,54,413,0.6,36,0.49,0
41,53,406,0.6,33,0.01,0
42,49,402,0.6,22,0.01,0
43,48,398,0.58,9.1,0.01,0
44,42,398,0.6,44.9,0.01,0
45,48,403,0.57,9.8,0.12,0
46,47,403,0.6,11.2,0.01,0
47,45,403,0.6,11.9,0.01,0
48,47,406,0.58,12.7,0.33,0
49,68,411,0.6,13.4,0.03,0
50,59,411,0.57,14.2,0.1,0
51,69,413,0.58,15,0.07,0
52,64,415,0.58,10.5,0.14,0
53,69,413,0.6,49.8,0.01,0
54,68,413,0.6,48.3,0.01,0
55,60,403,0.6,46.6,0.95,0
56,74,411,0.6,33,0.51,0
57,69,403,0.6,34.7,0.4,0
58,69,411,0.58,36.4,0.6,0
59,74,413,0.6,38.1,0.29,0
60,69,415,0.6,39.8,0.76,0
61,68,413,0.6,41.5,0.83,0
62,60,413,0.6,43.2,0.98,0
63,74,409,0.6,44.9,1.92,0
64,69,409,0.58,46.6,1.92,0
65,68,413,0.6,48.3,0.79,0
66,74,413,0.57,50,0.76,0
67,60,413,0.58,39.8,1.62,0
68,59,413,0.58,41.5,0.84,0
69,57,406,0.57,43.2,0.68,0
70,60,411,0.45,44.9,0.74,0
71,74,402,0.54,27,0.01,0
72,69,398,0.52,15.8,0.01,0
73,68,403,0.5,26,0.12,0
74,60,407,0.5,24,0.49,0
75,59,411,0.51,33.1,0.01,0
76,57,413,0.49,27.8,0.16,0
77,54,406,0.48,31.3,0.01,0
78,53,402,0.48,36.6,0.94,0
79,49,403,0.48,34.4,1.9,0
80,48,398,0.48,32.2,1.9,0
81,47,403,0.47,34.8,0.86,0
82,45,403,0.47,30,0.01,0
83,47,398,0.6,31.3,0.12,0
84,68,406,0.5,33,0.86,0
85,42,413,0.47,34.7,0.02,0
86,47,411,0.6,36.4,0.41,0
87,45,413,0.6,38.1,0.36,0
88,47,415,0.58,39.8,0.26,0
89,68,413,0.6,27.8,0.01,0
90,69,406,0.57,41.5,0.01,0
91,74,402,0.58,36.5,0.01,0
92,64,398,0.45,38.8,0.01,0
93,69,398,0.47,38.5,0.39,0
94,68,403,0.54,39.7,0.01,0
95,60,407,0.52,40.9,0.01,0
96,74,411,0.5,42.2,0.01,0
97,69,398,0.49,43.5,0.01,0
98,69,398,0.5,44.8,0.01,0
99,74,403,0.49,36.6,0.01,0
100,48,403,0.48,46.2,0.01,0
101,69,403,0.48,49,0.01,0
102,74,406,0.48,49.7,0.01,0
103,69,411,0.48,47.6,0.01,0
104,54,411,0.47,45.4,0.01,0
105,53,413,0.47,43.2,0.01,0
106,49,406,0.46,41,0.01,0
107,48,411,0.47,47.6,0.03,0
108,47,413,0.47,43.2,0.46,0
109,45,415,0.46,44.9,0.65,0
110,47,413,0.51,46.6,0.47,0
111,47,409,0.47,11.9,0.01,0
112,68,406,0.58,12.7,0.01,0
113,69,406,0.57,13.4,0.01,0
114,74,403,0.51,14.2,0.01,0
115,72,403,0.54,15,0.01,0
116,69,413,0.57,15.8,0.78,0
117,68,413,0.57,11.2,0.76,0
118,60,409,0.57,16.7,0.7,0
119,59,409,0.57,18.4,1.26,0
120,57,413,0.6,19.3,0.11,0
121,69,413,0.58,20.2,0.48,0
122,74,413,0.6,21.1,0.36,0
123,60,413,0.57,22.1,1.62,0
124,68,406,0.58,23,0.53,0
125,69,402,0.48,17.5,0.65,0
126,64,398,0.6,10.5,0.83,0
127,68,415,0.6,9.8,0.8,0
128,74,398,0.57,9.1,1.52,0
129,68,407,0.6,48.3,0.89,0
130,47,411,0.58,50,0.01,0
131,45,413,0.6,39.8,0.58,0
132,47,406,0.58,41.5,0.2,0
133,48,402,0.6,43.2,0.07,0
134,42,398,0.57,44.9,0.73,0
135,69,398,0.6,46.6,0.01,0
136,47,403,0.58,48.3,0.01,0
137,45,403,0.6,49.8,0.01,0
138,47,403,0.58,44.9,0.01,0
139,68,406,0.57,43.2,0.07,0
140,60,403,0.45,40.9,0.21,0
141,59,413,0.39,36,0.23,0
142,57,411,0.6,33,0.1,0
143,54,406,0.57,22,0.01,0
144,53,402,0.6,25,0.01,0
145,49,398,0.58,37.2,0.05,0
146,48,398,0.6,16.7,0.12,0
147,47,403,0.57,18.4,0.08,0
148,45,407,0.6,36.5,0.86,0
149,47,411,0.6,34.8,0.37,0
150,68,413,0.58,33.1,0.18,0
151,69,406,0.6,27.8,0.01,0
152,74,402,0.57,31.3,0.01,0
153,68,398,0.42,33,0.01,0
154,72,398,0.58,36.6,0.73,0
155,68,403,0.6,34.7,0.08,0
156,60,403,0.6,38.1,0.2,0
157,59,403,0.6,39.8,0.56,0
158,57,406,0.6,41.5,0.68,0
159,54,411,0.58,43.2,0.01,0
160,53,411,0.6,44.9,0.01,0
161,49,413,0.57,46.6,0.01,0
162,48,415,0.57,36.4,0.4,0
163,47,413,0.58,48.3,0.62,0
164,45,413,0.58,38.8,0.73,0
165,42,409,0.45,43.2,0.29,0
166,48,409,0.58,36.4,0.01,0
167,47,411,0.6,38.1,0.18,0
168,45,413,0.6,39.8,1.36,0
169,69,411,0.6,41.5,0.7,0
170,47,413,0.6,43.2,1.72,0
171,74,415,0.58,44.9,0.88,0
172,74,413,0.6,41,1,0
173,47,406,0.57,46.6,0.01,0
174,68,411,0.6,44.8,0.31,0
175,48,413,0.58,44,0.19,0
176,47,415,0.6,30.3,0.9,0
177,45,413,0.57,40.2,1.9,0
178,47,413,0.6,47.6,0.37,0
179,68,409,0.6,45.4,0.92,0
180,69,409,0.58,48.3,0.64,0
181,74,413,0.57,50,0.35,0
182,74,413,0.6,49.7,0.13,0
183,47,413,0.58,47.6,0.01,0
184,68,413,0.58,48.3,0.01,0
185,48,406,0.6,50,0.27,0
186,47,402,0.6,50,0.68,0
187,45,398,0.6,49.7,0.84,0
188,47,398,0.58,47.6,0.88,0
189,68,403,0.6,45.4,0.01,0
190,69,407,0.57,46.6,0.92,0
191,68,411,0.6,43.2,1.9,0
192,47,413,0.58,38.8,0.99,0
193,45,406,0.6,36.6,1.4,0
194,47,402,0.57,36.5,0.99,0
195,48,398,0.58,34.8,0.33,0
196,47,398,0.6,33.1,0.2,0
197,68,403,0.6,27.8,0.54,0
198,74,413,0.57,41,0.8,0
199,74,403,0.6,44.9,0.67,0
200,69,411,0.58,43.2,0.03,0
201,68,409,0.6,41.5,0.86,0
202,74,406,0.57,45.4,0.77,0
203,69,402,0.6,43.2,0.25,0
204,47,398,0.58,41,0.44,0
205,69,398,0.6,38.8,0.19,0
206,68,403,0.57,36.6,0.01,0
207,74,407,0.6,34.4,0.76,0
208,74,411,0.58,32.2,0.77,0
209,42,413,0.58,30,0.68,0
210,48,406,0.6,27.8,0.51,0
211,48,402,0.6,31.3,0.89,0
212,57,398,0.6,33,0.81,0
213,68,398,0.58,34.7,0.97,0
214,68,403,0.6,36.4,0.56,0
215,69,403,0.57,38.1,0.16,0
216,74,403,0.58,39.8,0.69,0
217,64,406,0.58,34.7,0.66,0
218,69,411,0.6,17.5,0.99,0
219,68,411,0.58,33,0.47,0
220,60,413,0.6,27.8,0.28,0
221,74,406,0.57,36,1.96,0
222,69,411,0.57,39.7,1.7,0
223,69,413,0.58,40.9,0.17,0
224,74,415,0.46,42.2,0.29,0
225,69,413,0.46,43.5,0.58,0
226,68,413,0.57,44.8,0.84,0
227,60,409,0.58,36,0.01,0
228,74,406,0.58,46.2,0.04,0
229,69,411,0.6,47.6,0.01,0
230,68,413,0.6,47.6,0.01,0
231,60,403,0.6,44.8,0.01,0
232,59,403,0.6,44,0.23,0
233,57,406,0.6,30.3,0.87,0
234,54,411,0.6,40.2,0.82,0
235,53,411,0.58,47.6,0.73,0
236,49,413,0.6,47.6,0.54,0
237,48,406,0.6,36,0.52,0
238,69,411,0.57,33.6,0.72,0
239,68,413,0.6,19.3,0.46,0
240,47,415,0.58,20.2,0.21,0
241,45,413,0.6,21.1,0.01,0
242,74,403,0.57,22.1,0.01,0
243,47,413,0.58,23,0.01,0
244,68,409,0.58,24,0.01,0
245,48,413,0.6,34.8,0.01,0
246,47,413,0.6,25,0.01,0
247,45,413,0.6,27,0.01,0
248,47,413,0.6,28.1,0.01,0
249,68,406,0.6,29.1,0.01,0
250,69,402,0.6,30.2,0.01,0
251,74,398,0.58,31.3,0.01,0
252,74,398,0.58,32.4,0.01,0
253,47,403,0.6,26,0.01,0
254,68,407,0.57,45.4,0.01,0
255,48,409,0.57,43.2,0.01,0
256,47,398,0.6,41,0.01,0
257,45,398,0.58,50,0.01,0
258,47,402,0.58,44.8,0.01,0
259,47,403,0.58,44,0.01,0
260,48,407,0.58,30.3,0.01,0
261,49,411,0.6,40.2,0.01,0
262,53,413,0.58,47.6,0.01,0
263,54,406,0.6,50,0.14,0
264,57,402,0.57,45.4,0.01,0
265,69,398,0.6,41,0.21,0
266,59,398,0.6,38.8,0.79,0
267,68,403,0.6,36.6,0.96,0
268,68,403,0.57,36.5,0.46,0
269,47,403,0.6,34.8,0.66,0
270,74,406,0.6,33.1,0.04,0
271,69,411,0.58,43.2,0.01,0
272,68,413,0.6,50,0.01,0
273,60,415,0.57,50,0.43,0
274,68,413,0.58,48.3,0.89,0
275,60,406,0.58,38.8,0.75,0
276,74,402,0.6,36.6,0.93,0
277,60,398,0.6,36.5,0.61,0
278,68,398,0.58,34.8,0.89,0
279,69,403,0.57,33.1,0.11,0
280,74,407,0.6,31.3,0.01,0
281,72,411,0.6,33,0.23,0
282,69,413,0.58,34.7,0.01,0
283,68,406,0.58,36.4,0.01,0
284,60,411,0.45,38.1,0.89,0
285,68,413,0.39,39.8,0.01,0
286,69,406,0.42,41.5,0.01,0
287,74,402,0.45,43.2,0.25,0
288,74,411,0.48,44.9,0.09,0
289,47,413,0.51,46.6,0.43,0
290,68,415,0.54,31.3,0.01,0
291,68,413,0.57,36,0.11,0
292,48,413,0.57,34.8,0.05,0
293,45,409,0.57,33.6,1.2,0
294,47,409,0.57,43.2,0.51,0
295,68,411,0.6,44.9,0.71,0
296,69,413,0.58,46.6,0.77,0
297,74,406,0.58,48.3,0.76,0
298,74,411,0.58,49.8,0.57,0
299,47,413,0.58,44.9,0.99,0
300,68,415,0.6,41.5,0.06,0
301,68,413,0.58,43.2,0.01,0
302,60,413,0.6,36,0.01,0
303,59,409,0.57,33,0.29,0
304,57,409,0.6,22,0.02,0
305,54,413,0.58,9.1,0.01,0
306,53,413,0.57,9.8,0.89,0
307,47,413,0.57,10.5,0.53,0
308,69,413,0.6,40.9,0.66,0
309,74,406,0.6,11.2,0.16,0
310,60,402,0.6,39.8,1.46,0
311,60,398,0.58,48.3,0.26,0
312,68,398,0.6,36.6,0.46,0
313,69,406,0.57,34.4,0.69,0
314,74,398,0.58,32.2,0.86,0
315,72,413,0.58,30,0.61,0
316,69,411,0.6,27.8,0.28,0
317,68,398,0.6,31.3,0.04,0
318,60,398,0.6,50,0.01,0
319,68,403,0.6,33,0.01,0
320,68,403,0.6,36.4,0.19,0
321,60,403,0.58,38.1,0.73,0
322,59,406,0.58,39.8,0.3,0
323,57,411,0.57,41.5,0.82,0
324,54,413,0.6,43.2,0.91,0
325,53,415,0.58,46.6,0.56,0
326,48,413,0.6,34.7,0.83,0
327,47,406,0.57,11.9,0.87,0
328,68,402,0.58,12.7,0.8,0
329,69,398,0.58,13.4,0.79,0
330,74,403,0.6,32.4,0.83,0
331,69,407,0.6,33.6,0.69,0
332,69,411,0.6,34.8,0.93,0
333,74,413,0.6,36,0.9,0
334,49,406,0.6,36,0.62,0
335,60,402,0.47,36,0.61,0
336,69,398,0.57,31.3,0.55,0
337,64,398,0.51,39.7,0.88,0
338,69,403,0.23,42.2,1,0
339,68,403,0.28,43.5,0.46,0
340,47,403,0.29,44.8,0.93,0
341,45,406,0.28,46.2,0.94,0
342,68,411,0.26,47.6,0.62,0
343,68,406,0.27,47.6,0.62,0
344,48,398,0.26,40.9,0.45,0
345,45,406,0.26,30.2,0.63,0
346,45,405,0.24,29.1,0.38,0
347,47,400,0.25,28.1,0.14,0
348,68,392,0.24,14.2,0.02,0
349,69,391,0.28,15,0.44,0
350,64,386,0.23,15.8,0.45,0
351,69,385,0.23,16.7,0.62,0
352,68,384,0.23,17.5,0.58,0
353,60,382,0.24,18.4,0.83,0
354,74,411,0.25,19.3,0.8,0
355,69,413,0.23,20.2,0.86,0
356,69,406,0.23,21.1,0.15,0
357,74,408,0.31,22.1,0.33,0
358,69,411,0.27,23,0.86,0
359,68,413,0.28,24,1.7,0
360,47,413,0.28,25,0.53,0
361,60,409,0.29,26,0.45,0
362,69,409,0.23,27,0.64,0
363,68,413,0.29,31.3,0.01,0
364,60,413,0.31,47.6,0.18,0
365,68,413,0.31,27.8,0.21,0
366,69,413,0.46,34.8,0.01,0
367,74,406,0.45,36,0.01,0
368,72,402,0.45,33,0.01,0
369,69,398,0.43,22,0.01,0
370,68,415,0.43,9.1,0.01,0
371,60,410,0.42,9.8,0.01,0
372,59,411,0.42,10.5,0.27,0
373,57,409,0.41,40.9,0.16,0
374,54,415,0.41,11.2,0.58,0
375,53,413,0.41,12.7,0.47,0
376,74,406,0.41,13.4,0.34,0
377,48,402,0.3,14.2,0.51,0
378,68,398,0.42,15,0.75,0
379,47,398,0.45,15.8,0.93,0
380,47,403,0.41,16.7,1.1,0
381,68,407,0.4,11.9,0.72,0
382,69,411,0.4,17.5,0.99,0
383,68,413,0.39,43.2,0.79,0
384,69,406,0.38,49.8,0.68,0
385,64,402,0.38,38.1,0.97,0
386,69,398,0.37,39.8,0.26,0
387,68,398,0.37,41.5,1.6,0
388,60,403,0.32,43.2,0.7,0
389,74,403,0.32,44.9,0.72,0
390,69,403,0.4,46.6,0.93,0
391,69,406,0.57,44.9,0.89,0
392,74,411,0.3,48.3,0.19,0
393,69,411,0.31,39.8,0.01,0
394,68,413,0.44,41.5,0.01,0
395,60,415,0.44,43.2,0.31,0
396,74,413,0.45,44.9,0.01,0
397,74,413,0.45,46.6,0.92,0
398,74,409,0.46,48.3,0.01,0
399,69,398,0.46,50,0.35,0
400,68,403,0.46,18.4,0.01,0
401,60,407,0.47,19.3,0.56,0
402,68,411,0.47,20.2,0.88,0
403,47,411,0.48,42.2,0.81,0
404,69,411,0.48,43.5,0.84,0
405,74,413,0.43,44.8,0.86,0
406,69,406,0.49,46.2,0.22,0
407,68,411,0.5,47.6,0.26,0
408,60,413,0.5,49,0.1,0
409,68,415,0.51,40.9,0.14,0
410,69,413,0.51,49.7,0.72,0
411,72,413,0.51,45.4,0.71,0
412,74,409,0.52,43.2,0.01,0
413,69,409,0.52,41,0.01,0
414,60,411,0.53,38.8,0.27,0
415,69,413,0.53,36.6,0.29,0
416,68,406,0.54,36.5,0.59,0
417,60,411,0.54,47.6,0.72,0
418,74,413,0.49,39.7,0.01,0
419,69,415,0.3,38.5,0.11,0
420,69,413,0.43,37.2,0.95,0
421,74,413,0.42,21.1,0.56,0
422,60,409,0.31,22.1,0.53,0
423,60,409,0.31,23,1.26,0
424,59,413,0.32,24,0.64,0
425,57,413,0.32,25,0.01,0
426,54,413,0.33,26,0.01,0
427,53,413,0.33,27,0.01,0
428,49,406,0.34,28.1,0.02,0
429,64,402,0.34,29.1,0.01,0
430,48,403,0.35,30.2,0.01,0
431,45,403,0.35,31.3,0.01,0
432,47,413,0.36,32.4,0.07,0
433,68,406,0.42,33.6,0.33,0
434,69,402,0.36,34.8,0.46,0
435,64,398,0.37,36,0.26,0
436,69,398,0.37,33.1,0.01,0
437,68,403,0.38,44.8,0.56,0
438,60,403,0.38,44,0.27,0
439,74,403,0.39,30.3,0.21,0
440,69,406,0.39,33.1,0.19,0
441,69,411,0.4,27.8,0.19,0
442,74,413,0.4,31.3,0.01,0
443,69,415,0.41,33,0.11,0
444,68,413,0.41,34.7,0.13,0
445,47,406,0.41,36.4,0.92,0
446,60,402,0.36,34.8,0.99,0
447,68,398,0.6,38.1,0.92,0
448,69,398,0.6,41.5,0.61,0
449,69,403,0.6,43.2,0.86,0
450,68,407,0.6,44.9,0.97,0
451,60,411,0.58,46.6,0.97,0
452,59,413,0.6,48.3,0.89,0
453,57,406,0.57,50,1.9,0
454,54,402,0.58,39.8,0.4,0
455,53,398,0.58,50,0.19,0
456,49,398,0.57,36.5,0.6,0
457,48,403,0.58,38.8,0.96,0
458,47,403,0.58,38.1,0.01,0
459,47,413,0.6,39.8,0.01,0
460,68,413,0.58,41.5,0.01,0
461,69,413,0.58,43.2,0.01,0
462,74,409,0.6,44.9,0.01,0
463,72,409,0.58,46.6,0.01,0
464,69,413,0.58,36.6,0.01,0
465,68,413,0.6,48.3,0.01,0
466,68,413,0.6,50,0.01,0
467,69,413,0.6,49.7,0.01,0
468,74,406,0.58,47.6,0.01,0
469,69,402,0.6,45.4,0.01,0
470,69,398,0.57,43.2,0.01,0
471,74,398,0.6,41,0.01,0
472,60,413,0.58,50,0.01,0
473,60,403,0.6,46.6,0.01,0
474,69,411,0.57,48.3,0.01,0
475,64,413,0.57,49.8,0.01,0
476,54,406,0.58,19.3,0.01,0
477,57,402,0.6,20.2,0.01,0
478,59,398,0.58,21.1,0.01,0
479,60,398,0.57,22.1,0.01,0
480,68,403,0.58,23,0.01,0
481,74,403,0.58,24,0.01,0
482,74,403,0.6,18.4,0.01,0
483,68,406,0.58,25,0.01,0
484,72,411,0.6,27,0.01,0
485,69,407,0.57,28.1,0.01,0
486,68,415,0.58,29.1,0.01,0
487,60,413,0.58,30.2,0.01,0
488,59,411,0.6,31.3,0.01,0
489,57,398,0.57,32.4,0.01,0
490,54,398,0.58,26,0.01,0
491,53,403,0.57,17.5,0.01,0
492,49,407,0.58,16.7,0.01,0
493,48,411,0.58,15.8,0.01,0
494,47,413,0.6,44.9,0.01,0
495,45,406,0.58,43.2,0.01,0
496,42,402,0.6,40.9,0.01,0
497,48,398,0.57,36,0.01,0
498,74,398,0.58,33,0.01,0
499,47,403,0.58,22,0.01,0
500,47,403,0.6,9.1,0.01,0
501,68,403,0.58,9.8,0.01,0
502,69,406,0.6,10.5,0.01,0
503,74,411,0.58,11.2,0.01,0
504,64,411,0.58,11.9,0.09,0
505,69,413,0.6,12.7,0.17,0
506,68,415,0.58,13.4,0.02,0
507,60,413,0.58,14.2,0.01,0
508,74,413,0.6,15,0.32,0
509,69,409,0.6,36.4,0.01,0
510,69,409,0.58,34.7,0.12,0
511,74,411,0.6,33,0.01,0
512,69,413,0.57,31.3,0.01,0
513,68,406,0.58,44.9,0.01,0
514,45,413,0.58,46.6,0.01,0
515,69,402,0.6,48.3,0.01,0
516,68,415,0.6,50,0.01,0
517,60,406,0.57,50,0.01,0
518,60,411,0.6,50,0.01,0
519,68,413,0.58,43.2,0.01,0
520,69,415,0.6,50,0.01,0
521,74,413,0.57,44,0.01,0
522,72,413,0.58,30.3,0.01,0
523,69,409,0.58,40.2,0.01,0
524,68,409,0.6,47.6,0.01,0
525,60,413,0.58,45.4,0.15,0
526,47,413,0.6,43.2,0.22,0
527,68,413,0.57,44.8,0.01,0
528,69,413,0.58,41.5,0.01,0
529,74,406,0.58,39.8,0.01,0
530,74,406,0.6,38.1,0.01,0
531,47,398,0.58,40.2,0.61,0
532,68,398,0.6,47.6,0.01,0
533,48,403,0.6,45.4,0.57,0
534,47,407,0.58,43.2,0.26,0
535,68,411,0.6,41,0.01,0
536,69,413,0.57,38.8,0.36,0
537,74,406,0.58,36.6,0.78,0
538,60,402,0.58,36.5,1.96,0
539,68,398,0.6,34.8,1.56,0
540,69,398,0.58,50,0.88,0
541,69,403,0.6,27.8,0.75,0
542,74,402,0.57,31.3,0.55,0
543,69,413,0.58,33,0.73,0
544,74,411,0.58,34.7,0.62,0
545,60,409,0.58,36.4,0.92,0
546,68,402,0.6,41,0.91,0
547,49,398,0.58,31.3,0.29,0
548,64,398,0.6,38.8,0.65,0
549,69,403,0.57,36.5,0.66,0
550,49,407,0.58,46.6,1.6,0
551,74,411,0.58,48.3,0.85,0
552,68,413,0.6,50,0.91,0
553,69,406,0.6,49.7,0.6,0
554,69,402,0.6,47.6,0.98,0
555,74,398,0.58,45.4,0.73,0
556,69,398,0.6,44.9,0.46,0
557,68,403,0.57,43.2,0.97,0
558,60,403,0.6,38.8,0.57,0
559,74,403,0.6,36.6,0.8,0
560,69,406,0.57,34.4,1.8,0
561,68,411,0.58,32.2,0.98,0
562,60,411,0.58,30,1.36,0
563,68,413,0.58,27.8,0.94,0
564,69,406,0.6,41,0.51,0
565,74,411,0.58,33,0.57,0
566,72,413,0.6,31.3,0.94,0
567,74,415,0.57,27.8,0.72,0
568,69,413,0.58,34.8,0.81,0
569,60,413,0.58,33.1,0.46,0
570,47,409,0.6,46.6,0.66,0
571,68,413,0.58,44,0.9,0
572,69,406,0.6,30.3,0.53,0
573,74,413,0.57,40.2,0.59,0
574,74,415,0.57,47.6,0.97,0
575,47,413,0.58,45.4,0.01,0
576,68,413,0.6,43.2,0.01,0
577,48,413,0.6,41,0.01,0
578,47,413,0.58,38.8,0.01,0
579,64,406,0.6,36.6,0.01,0
580,69,402,0.57,36.5,0.26,0
581,68,398,0.58,34.8,0.4,0
582,60,398,0.58,33.1,0.01,0
583,68,403,0.6,36.6,0.37,0
584,74,407,0.58,33,0.03,0
585,60,411,0.6,34.7,0.26,0
586,69,409,0.58,36.4,0.01,0
587,64,413,0.57,39.7,0.17,0
588,69,402,0.6,40.9,0.84,0
589,68,398,0.6,42.2,0.16,0
590,60,398,0.58,43.5,0.01,0
591,74,403,0.58,44.8,0.99,0
592,69,403,0.6,46.2,0.77,0
593,69,403,0.58,38.5,0.73,0
594,74,406,0.6,47.6,0.89,0
595,69,411,0.57,49.7,1.66,0
596,68,413,0.58,47.6,0.62,0
597,60,415,0.58,45.4,0.86,0
598,74,413,0.58,43.2,1.7,0
599,69,406,0.58,41,0.65,0
600,68,409,0.6,38.8,0.12,0
601,68,413,0.58,49,0.95,0
602,60,413,0.58,36.6,1.32,0
603,68,407,0.57,37.2,0.66,0
604,60,411,0.6,34.8,0.63,0
605,59,413,0.58,20.2,0.59,0
606,57,406,0.6,21.1,0.02,0
607,54,402,0.57,22.1,0.1,0
608,53,398,0.6,23,0.85,0
609,49,398,0.58,24,0.11,0
610,48,403,0.6,25,0.38,0
611,47,403,0.57,36,0.1,0
612,45,403,0.58,26,0.01,0
613,47,406,0.58,28.1,0.01,0
614,68,411,0.6,29.1,0.01,0
615,69,411,0.6,30.2,0.01,0
616,64,413,0.58,31.3,0.01,0
617,68,415,0.6,32.4,0.01,0
618,69,413,0.6,33.6,0.53,0
619,69,413,0.57,27,0.01,0
620,74,409,0.58,36.5,0.01,0
621,69,409,0.58,34.8,0.01,0
622,69,411,0.6,33.1,0.01,0
623,74,413,0.58,39.8,0.01,0
624,69,406,0.6,41.5,0.05,0
625,68,411,0.57,43.2,0.21,0
626,60,413,0.58,44.9,0.33,0
627,74,415,0.58,46.6,0.07,0
628,69,406,0.6,48.3,0.01,0
629,68,402,0.58,50,0.12,0
630,60,398,0.6,49.8,0.68,0
631,68,398,0.6,43.2,0.68,0
632,69,413,0.6,40.9,0.05,0
633,74,409,0.58,36,0.01,0
634,72,409,0.6,33,0.42,0
635,74,413,0.6,22,0.9,0
636,69,413,0.58,9.1,0.79,0
637,60,413,0.6,44.9,0.77,0
638,68,413,0.57,48.3,0.19,0
639,68,406,0.58,46.6,0.01,0
640,60,402,0.58,44.9,0.49,0
641,59,398,0.6,27.8,0.01,0
642,57,398,0.58,31.3,0.1,0
643,53,403,0.58,36.6,0.12,0
644,49,407,0.6,34.4,0.43,0
645,48,411,0.58,32.2,0.62,0
646,47,413,0.58,30,0.63,0
647,45,406,0.6,27.8,0.62,0
648,47,402,0.57,31.3,0.7,0
649,68,398,0.58,33,0.43,0
650,69,398,0.58,34.7,0.05,0
651,68,403,0.6,36.4,0.01,0
652,60,403,0.58,38.1,0.01,0
653,68,403,0.6,39.8,0.01,0
654,69,406,0.57,41.5,0.09,0
655,69,411,0.58,43.2,0.12,0
656,68,413,0.58,19.3,0.44,0
657,60,413,0.58,9.8,0.25,0
658,74,403,0.57,18.4,0.25,0
659,69,415,0.58,16.7,0.09,0
660,68,411,0.6,39.8,0.13,0
661,60,403,0.58,41.5,0.01,0
662,68,407,0.6,43.2,0.39,0
663,69,411,0.57,44.9,0.09,0
664,74,413,0.58,46.6,0.59,0
665,72,406,0.58,48.3,0.08,0
666,69,402,0.6,38.1,0.01,0
667,68,398,0.58,50,0.01,0
668,60,398,0.6,49.7,0.01,0
669,59,403,0.57,47.6,0.01,0
670,57,403,0.58,45.4,0.01,0
671,54,403,0.58,43.2,0.01,0
672,64,406,0.6,41,0.51,0
673,74,411,0.6,38.8,0.06,0
674,69,411,0.57,50,0.12,0
675,68,406,0.58,36.6,0.01,0
676,47,411,0.58,36.4,0.01,0
677,45,413,0.6,33,0.01,0
678,60,415,0.58,48.3,0.01,0
679,47,413,0.6,50,0.01,0
680,42,413,0.57,49.7,0.01,0
681,45,409,0.58,47.6,0.21,0
682,47,409,0.58,45.4,0.01,0
683,48,411,0.6,43.2,0.07,0
684,49,413,0.58,34.7,0.12,0
685,53,406,0.6,41,0.01,0
686,48,413,0.6,36.6,0.27,0
687,68,403,0.58,34.4,0.15,0
688,69,406,0.58,32.2,0.01,0
689,74,411,0.6,30,0.01,0
690,48,409,0.58,27.8,0.01,0
691,47,413,0.6,31.3,0.01,0
692,45,413,0.57,38.8,0.01,0
693,47,413,0.6,36.5,0.01,0
694,47,413,0.6,34.8,0.01,0
695,68,406,0.58,33.1,0.01,0
696,69,402,0.6,40.9,0.01,0
697,74,398,0.57,36,0.01,0
698,72,398,0.57,33,0.01,0
699,69,403,0.58,22,0.01,0
700,68,407,0.58,9.1,0.01,0
701,60,409,0.58,9.8,0.01,0
702,59,411,0.6,43.2,0.01,0
703,57,406,0.58,10.5,0.01,0
704,49,402,0.6,11.9,0.01,0
705,42,398,0.57,12.7,0.33,0
706,47,398,0.58,13.4,0.6,0
707,45,403,0.58,14.2,0.17,0
708,47,403,0.6,15,0.75,0
709,68,403,0.58,15.8,0.48,0
710,69,406,0.6,11.2,0.6,0
711,74,411,0.57,44.9,0.72,0
712,64,413,0.58,49.8,0.97,0
713,69,415,0.6,48.3,0.86,0
714,68,413,0.58,27.8,0.65,0
715,60,413,0.58,31.3,0.44,0
716,74,413,0.6,33,0.15,0
717,69,415,0.57,34.7,0.53,0
718,69,403,0.58,36.4,0.79,0
719,74,407,0.58,38.1,0.54,0
720,48,411,0.6,39.8,0.48,0
721,53,413,0.6,41.5,0.6,0
722,54,406,0.58,43.2,0.36,0
723,57,402,0.6,44.9,0.01,0
724,48,398,0.57,46.6,0.19,0
725,47,398,0.58,48.3,0.07,0
726,45,403,0.6,50,0.26,0
727,47,403,0.58,50,0.01,0
728,47,403,0.58,46.6,0.68,0
729,68,406,0.58,17.5,0.01,0
730,69,411,0.58,10.5,0.01,0
731,42,411,0.6,11.2,0.01,0
732,48,413,0.6,11.9,0.02,0
733,47,415,0.58,22.1,0.01,0
734,45,413,0.6,23,0.42,0
735,47,413,0.57,24,0.4,0
736,68,409,0.6,25,0.6,0
737,69,409,0.58,26,0.43,0
738,74,411,0.6,27,0.01,0
739,64,413,0.57,21.1,0.01,0
740,69,406,0.58,28.1,0.65,0
741,59,411,0.58,30.2,0.36,0
742,60,413,0.6,31.3,0.01,0
743,68,413,0.6,32.4,0.01,0
744,69,406,0.6,33.6,0.01,0
745,74,402,0.58,34.8,0.01,0
746,60,398,0.6,36,0.01,0
747,69,415,0.57,29.1,0.01,0
748,68,413,0.58,36,0.01,0
749,74,413,0.58,20.2,0.04,0
750,69,409,0.6,18.4,0.01,0
751,69,409,0.6,33,0.19,0
752,74,413,0.6,22,0.1,0
753,60,413,0.6,9.1,0.01,0
754,68,413,0.57,9.8,0.01,0
755,69,413,0.6,10.5,0.01,0
756,64,406,0.57,11.2,0.01,0
757,68,402,0.58,19.3,0.01,0
758,74,398,0.6,11.9,0.01,0
759,59,398,0.58,13.4,0.01,0
760,57,403,0.58,14.2,0.27,0
761,54,407,0.6,15,0.55,0
762,53,411,0.6,15.8,0.01,0
763,49,413,0.6,16.7,0.72,0
764,48,406,0.58,17.5,0.68,0
765,47,398,0.6,12.7,0.63,0
766,45,398,0.57,36,0.22,0
767,47,403,0.6,39.7,0.33,0
768,68,403,0.6,40.9,0.36,0
769,69,403,0.6,33.1,0.4,0
770,74,406,0.58,27.8,0.68,0
771,72,411,0.57,31.3,0.21,0
772,69,413,0.6,33,0.2,0
773,60,398,0.58,34.7,0.82,0
774,68,411,0.6,36.4,0.95,0
775,59,413,0.57,34.8,0.7,0
776,57,398,0.6,38.1,1.2,0
777,54,403,0.58,41.5,0.88,0
778,64,407,0.6,43.2,0.9,0
779,69,411,0.57,44.9,1.4,0
780,68,413,0.6,46.6,0.66,0
781,60,406,0.6,48.3,1.2,0
782,74,402,0.6,50,0.45,0
783,69,398,0.58,39.8,0.01,0
784,69,398,0.58,36.5,0.01,0
785,74,403,0.6,36.6,0.01,0
786,69,403,0.6,38.8,0.12,0
787,68,403,0.57,42.2,0.31,0
788,60,406,0.58,43.5,0.15,0
789,60,411,0.58,44.8,0.01,0
790,68,411,0.58,46.2,0.1,0
791,69,413,0.6,47.6,0.14,0
792,74,406,0.58,47.6,0.04,0
793,69,411,0.6,47.6,0.01,0
794,68,413,0.57,44.8,0.01,0
795,60,415,0.6,44,0.01,0
796,59,413,0.58,30.3,0.01,0
797,57,413,0.58,40.2,0.01,0
798,54,409,0.6,47.6,0.01,0
799,53,409,0.6,45.4,0.01,0
800,49,411,0.58,43.2,0.01,0
801,48,406,0.6,41,0.01,0
802,47,415,0.57,36,0.01,0
803,47,398,0.58,40.9,0.01,0
804,45,406,0.58,43.2,0.01,0
805,42,406,0.6,44.9,0.01,0
806,48,411,0.58,30.2,0.01,0
807,47,413,0.6,31.3,0.01,0
808,45,415,0.57,32.4,0.01,0
809,47,413,0.58,33.6,0.01,0
810,60,413,0.57,34.8,0.01,0
811,68,409,0.58,36,0.01,0
812,69,409,0.58,29.1,0.01,0
813,74,413,0.57,37.2,0.01,0
814,69,413,0.57,39.7,0.01,0
815,69,413,0.6,40.9,0.01,0
816,60,413,0.58,42.2,0.01,0
817,74,413,0.6,43.5,0.01,0
818,68,402,0.6,44.8,0.01,0
819,69,398,0.58,46.2,0.01,0
820,64,398,0.6,38.5,0.01,0
821,74,403,0.57,28.1,0.01,0
822,69,407,0.58,27,0.14,0
823,68,411,0.58,26,0.01,0
824,60,413,0.6,12.7,0.01,0
825,69,406,0.58,13.4,0.01,0
826,68,402,0.6,14.2,0.05,0
827,60,398,0.58,15,0.6,0
828,53,398,0.6,15.8,0.01,0
829,49,406,0.6,16.7,0.01,0
830,48,411,0.58,17.5,0.01,0
831,47,409,0.6,18.4,0.01,0
832,45,409,0.57,19.3,0.06,0
833,42,413,0.58,20.2,0.04,0
834,37,415,0.58,21.1,0.02,0
835,35,413,0.6,22.1,0.01,0
836,31,406,0.58,23,0.01,0
837,27,402,0.6,24,0.01,0
838,32,398,0.6,25,0.01,0
839,34,398,0.57,47.6,0.01,0
840,38,403,0.6,46.6,0.01,0
841,42,407,0.6,49,0.01,0
842,57,411,0.58,45.4,0.01,0
843,48,413,0.58,39.8,0.01,0
844,51,406,0.6,41.5,0.01,0
845,53,402,0.6,43.2,0.01,0
846,55,398,0.6,44.9,0.01,0
847,56,398,0.58,46.6,0.01,0
848,58,403,0.6,48.3,0.01,0
849,63,403,0.57,38.1,0.01,0
850,68,403,0.58,50,0.01,0
851,73,406,0.58,41.5,0.01,0
852,74,411,0.6,43.2,0.01,0
853,72,411,0.57,44.9,0.01,0
854,69,413,0.58,46.6,0.01,0
855,68,415,0.57,48.3,0.01,0
856,60,413,0.58,49.8,0.01,0
857,59,413,0.58,39.8,0.01,0
858,47,403,0.6,36.4,0.01,0
859,59,403,0.58,34.7,0.01,0
860,60,403,0.6,33,0.01,0
861,60,406,0.57,43.2,0.01,0
862,74,409,0.58,41,0.01,0
863,72,409,0.58,38.8,0.01,0
864,69,413,0.6,36.6,0.01,0
865,68,413,0.58,36.5,0.01,0
866,60,413,0.6,34.8,0.01,0
867,69,406,0.58,33.1,0.01,0
868,74,402,0.58,27.8,0.01,0
869,72,398,0.57,31.3,0.01,0
870,69,398,0.57,36.6,0.01,0
871,68,403,0.58,34.4,0.9,0
872,64,407,0.58,32.2,0.81,0
873,69,411,0.6,30,0.49,0
874,68,413,0.58,27.8,0.35,0
875,76,457,0.63,53.2,10,1
876,76,444,0.63,53,10,1
877,76,434,0.63,53.1,10,1
878,76,428,0.63,53.2,10,1
879,76,501,0.63,53.1,10,1
880,76,499,0.63,53.1,10,1
881,76,497,0.63,53.1,10,1
882,76,498,0.63,53,9.16,1
883,76,498,0.63,53.2,10,1
884,76,504,0.63,53.8,10,1
885,76,419,0.63,52.8,10,1
886,76,416,0.63,53.2,10,1
887,76,498,0.63,52.8,10,1
888,76,493,0.62,53,10,1
889,76,490,0.61,52.9,10,1
890,76,486,0.62,52.8,10,1
891,76,515,0.61,52.6,10,1
892,76,418,0.61,52.5,10,1
893,76,519,0.61,51.7,10,1
894,76,524,0.61,52.9,10,1
895,76,458,0.61,53,10,1
896,76,463,0.61,51.7,10,1
897,76,463,0.61,55.1,10,1
898,76,469,0.61,51.9,10,1
899,76,469,0.61,53.5,10,1
900,76,475,0.61,53.4,9.66,1
901,76,475,0.61,55.1,10,1
902,76,482,0.61,55.1,10,1
903,76,482,0.61,51.6,10,1
904,76,486,0.61,51.7,10,1
905,76,458,0.61,54.6,10,1
906,76,486,0.61,52.5,8.86,1
907,76,494,0.61,51.7,10,1
908,76,493,0.61,51.7,10,1
909,76,491,0.61,52.5,4.36,1
910,76,494,0.61,53.7,10,1
911,76,490,0.62,53.4,10,1
912,76,496,0.62,52.6,10,1
913,76,486,0.62,51.7,10,1
914,76,486,0.61,51.8,10,1
915,76,457,0.62,51.9,10,1
916,76,444,0.61,52.9,10,1
917,76,490,0.61,52.9,10,1
918,76,434,0.62,52.5,10,1
919,76,447,0.62,51.7,10,1
920,76,437,0.62,52.9,10,1
921,76,426,0.62,53.5,10,1
922,76,426,0.62,53.4,3.56,1
923,76,426,0.62,53.4,10,1
924,76,424,0.62,52.8,10,1
925,76,424,0.62,54.1,10,1
926,76,426,0.62,53,10,1
927,76,426,0.62,51.9,10,1
928,76,432,0.62,53.4,10,1
929,76,439,0.62,52.6,8.2,1
930,76,419,0.62,52.5,10,1
931,76,442,0.62,51.7,10,1
932,76,416,0.62,54.9,10,1
933,76,448,0.62,55.1,4.06,1
934,76,448,0.62,53.4,10,1
935,76,450,0.62,51.7,5.36,1
936,76,418,0.62,53.7,10,1
937,76,418,0.61,53.8,10,1
938,76,428,0.61,55.8,10,1
939,76,428,0.61,50.4,10,1
940,76,434,0.61,53.8,2.3,1
941,76,441,0.61,51.1,2.8,1
942,76,437,0.62,51.2,4.7,1
943,76,446,0.62,51.3,8.26,1
944,76,428,0.62,55.8,3.2,1
945,76,418,0.63,51.4,10,1
946,76,456,0.63,51.5,10,1
947,76,500,0.63,51.6,10,1
948,76,418,0.63,51.7,10,1
949,76,418,0.63,53.4,10,1
950,76,426,0.62,55.1,10,1
951,76,426,0.62,52.5,10,1
952,76,426,0.62,51.7,10,1
953,76,424,0.62,51.1,10,1
954,76,501,0.62,53.7,10,1
955,76,491,0.62,53.5,2.16,1
956,76,498,0.62,53.4,10,1
957,76,500,0.62,53,10,1
958,76,502,0.62,53.1,10,1
959,76,508,0.62,55.1,10,1
960,76,500,0.62,53.4,10,1
961,76,500,0.62,51.7,5.46,1
962,76,508,0.62,53.1,10,1
963,76,498,0.62,53.1,10,1
964,76,501,0.62,53.1,10,1
965,76,499,0.62,53.2,10,1
966,76,500,0.62,53.2,10,1
967,76,500,0.62,51.7,10,1
968,76,531,0.63,53.4,10,1
969,76,507,0.62,55.1,10,1
970,76,500,0.63,51.7,10,1
971,76,511,0.63,52.9,10,1
972,76,513,0.62,52.9,10,1
973,76,456,0.64,52.8,10,1
974,76,464,0.64,52.8,10,1
975,76,467,0.64,53.1,10,1
976,76,490,0.64,52.9,10,1
977,76,500,0.64,52.8,10,1
978,76,419,0.64,50.4,10,1
979,76,416,0.64,51.9,10,1
980,76,524,0.64,53,8.5,1
981,76,522,0.63,53.7,10,1
982,76,519,0.63,53.1,10,1
983,76,515,0.63,53.2,10,1
984,76,418,0.63,52.9,10,1
985,76,418,0.63,51.7,10,1
986,76,428,0.63,51.9,10,1
987,76,428,0.63,52.8,10,1
988,76,434,0.63,52.9,10,1
989,76,434,0.63,51,10,1
990,76,519,0.63,54.1,10,1
991,76,523,0.63,51,10,1
992,76,521,0.63,53.7,5.1,1
993,76,512,0.63,50.3,10,1
994,76,510,0.63,50.8,10,1
995,76,511,0.63,51.3,10,1
996,76,522,0.62,51.7,10,1
997,76,494,0.62,52.2,10,1
998,76,424,0.62,53.2,10,1
999,76,491,0.62,52.7,9.2,1
1000,76,496,0.62,52.2,10,1
1001,76,486,0.62,51.7,10,1
1002,76,486,0.62,52.7,10,1
1003,76,457,0.62,53.5,10,1
1004,76,444,0.62,51.9,10,1
1005,76,434,0.62,53.2,6.66,1
1006,76,428,0.62,53.7,10,1
1007,76,418,0.62,54.1,10,1
1008,76,419,0.62,54.6,10,1
1009,76,416,0.62,51.3,10,1
1010,76,418,0.62,50.8,10,1
1011,76,418,0.61,53.4,10,1
1012,76,428,0.61,50.3,10,1
1013,76,428,0.61,55.1,10,1
1014,76,434,0.61,52.5,10,1
1015,76,434,0.61,54.6,10,1
1016,76,434,0.61,53.4,10,1
1017,76,434,0.61,51.7,10,1
1018,76,428,0.61,52.3,10,1
1019,76,490,0.61,53.7,10,1
1020,76,494,0.61,53.2,10,1
1021,76,491,0.61,52.7,10,1
1022,76,493,0.62,52.2,10,1
1023,76,426,0.61,51.7,10,1
1024,76,426,0.62,53,10,1
1025,76,418,0.62,53,10,1
1026,76,418,0.63,53,10,1
1027,76,442,0.63,51.7,10,1
1028,76,447,0.63,53.4,10,1
1029,75,458,0.63,55.1,10,1
1030,76,458,0.63,51,10,1
1031,76,463,0.63,51.7,10,1
1032,76,428,0.63,51.7,10,1
1033,76,463,0.63,51.3,10,1
1034,76,469,0.63,52.6,10,1
1035,76,475,0.63,52.8,10,1
1036,76,475,0.63,50.8,10,1
1037,76,482,0.63,53,10,1
1038,76,482,0.63,53,7.7,1
1039,76,486,0.63,53,10,1
1040,76,486,0.63,50.3,10,1
1041,76,490,0.63,55.8,10,1
1042,76,494,0.62,53.8,10,1
1043,76,469,0.62,53.7,10,1
1044,76,418,0.62,53.5,10,1
1045,76,418,0.62,53.4,10,1
1046,75,418,0.62,51,10,1
1047,76,494,0.62,52.5,10,1
1048,76,490,0.62,52.6,10,1
1049,76,486,0.62,51.7,10,1
1050,76,486,0.61,53.4,10,1
1051,76,482,0.61,52.8,10,1
1052,76,482,0.61,51,10,1
1053,76,475,0.63,55.8,10,1
1054,76,475,0.63,53.8,10,1
1055,76,469,0.63,53.4,10,1
1056,76,424,0.63,51.7,10,1
1057,76,469,0.63,53.1,10,1
1058,76,463,0.63,51.9,10,1
1059,76,463,0.63,51.9,10,1
1060,76,458,0.63,51.9,10,1
1061,76,458,0.63,51.7,10,1
1062,76,447,0.63,52.5,10,1
1063,76,442,0.63,52.6,10,1
1064,76,419,0.63,52.8,10,1
1065,76,416,0.63,52.9,10,1
1066,76,434,0.63,51,10,1
1067,76,418,0.63,52.3,10,1
1068,76,426,0.63,53.5,10,1
1069,76,426,0.63,51.9,2.4,1
1070,76,426,0.63,54.6,7.9,1
1071,76,418,0.63,51.9,10,1
1072,76,426,0.63,55.8,5.3,1
1073,76,426,0.63,53.4,10,1
1074,76,426,0.63,54.1,10,1
1075,76,424,0.63,52.9,10,1
1076,76,416,0.64,51.9,10,1
1077,76,419,0.64,53.5,10,1
1078,76,418,0.64,52.8,10,1
1079,76,428,0.64,52.9,10,1
1080,76,426,0.61,52.9,10,1
1081,76,434,0.61,52.9,10,1
1082,76,457,0.61,51.7,10,1
1083,76,486,0.61,53.2,10,1
1084,76,486,0.61,53.2,10,1
1085,76,496,0.61,51.7,10,1
1086,76,494,0.61,53.4,10,1
1087,76,491,0.61,52.3,10,1
1088,76,493,0.61,51,10,1
1089,76,418,0.61,53.2,10,1
1090,75,418,0.61,53.2,6.4,1
1091,76,444,0.62,53.1,2.1,1
1092,76,434,0.61,52.9,10,1
1093,76,424,0.61,52.6,10,1
1094,76,421,0.61,52.5,10,1
1095,76,486,0.61,55.1,10,1
1096,76,486,0.61,51.7,10,1
1097,76,490,0.62,51,10,1
1098,76,494,0.62,50.3,2.56,1
1099,76,493,0.62,50.8,10,1
1100,76,491,0.64,51.3,8.2,1
1101,76,494,0.64,53.1,10,1
1102,76,490,0.64,53.1,10,1
1103,76,496,0.64,53.1,10,1
1104,76,486,0.61,53,10,1
1105,76,486,0.62,51.7,10,1
1106,76,457,0.62,52.2,10,1
1107,76,444,0.62,53.2,10,1
1108,76,434,0.62,53.7,10,1
1109,76,428,0.61,53,10,1
1110,76,418,0.61,55.1,10,1
1111,76,469,0.61,52.8,10,1
1112,76,469,0.61,55.8,10,1
1113,76,463,0.61,51.9,10,1
1114,76,482,0.61,52.8,4.36,1
1115,76,482,0.61,52.9,10,1
1116,76,475,0.61,53.1,10,1
1117,76,475,0.62,53.2,10,1
1118,76,496,0.61,53.4,10,1
1119,76,490,0.61,53.5,10,1
1120,76,494,0.61,53.7,10,1
1121,76,491,0.61,53.8,2.96,1
1122,76,493,0.61,55.8,6.86,1
1123,76,418,0.61,52.8,9.16,1
1124,76,494,0.61,53.1,10,1
1125,76,490,0.61,52.9,10,1
1126,76,486,0.64,52.8,10,1
1127,76,463,0.64,52.6,5.96,1
1128,76,486,0.64,52.5,10,1
1129,76,482,0.64,51.7,10,1
1130,76,419,0.64,55.1,10,1
1131,76,416,0.62,53.4,10,1
1132,76,475,0.64,51.7,10,1
1133,76,475,0.62,51.7,10,1
1134,76,463,0.64,53.4,4.7,1
1135,76,463,0.61,55.1,2.1,1
1136,76,469,0.61,51.7,10,1
1137,76,469,0.61,52.5,10,1
1138,76,482,0.61,52.6,10,1
1139,76,458,0.61,52.6,10,1
1140,76,458,0.61,52.8,10,1
1141,76,419,0.63,52.5,10,1
1142,76,424,0.61,52.8,10,1
1143,76,426,0.63,53,10,1
1144,76,426,0.63,53,10,1
1145,76,426,0.63,51.2,10,1
1146,76,418,0.64,51.3,2.4,1
1147,76,418,0.64,51.4,9.2,1
1148,76,426,0.64,51.5,10,1
1149,76,426,0.64,51.6,10,1
1150,76,426,0.62,52.5,10,1
1151,76,418,0.62,51.7,10,1
1152,76,424,0.62,55.1,10,1
1153,76,418,0.61,53.4,10,1
1154,76,419,0.61,51.7,10,1
1155,76,416,0.64,53.2,10,1
1156,76,418,0.61,53.2,10,1
1157,76,418,0.64,53.2,10,1
1158,76,428,0.64,53.1,10,1
1159,76,428,0.64,53.1,10,1
1160,76,434,0.64,53.1,10,1
1161,76,424,0.63,53,10,1
1162,76,418,0.62,53,5.6,1
1163,76,417,0.62,52.9,10,1
1164,76,424,0.62,52.9,2.7,1
1165,76,426,0.62,52.9,10,1
1166,76,416,0.62,53.4,10,1
1167,76,447,0.62,55.1,10,1
1168,76,442,0.62,51.7,10,1
1169,76,434,0.62,53,9.4,1
1170,76,434,0.62,52.9,10,1
1171,76,418,0.62,50.8,10,1
1172,76,418,0.62,53,10,1
1173,76,428,0.62,53,10,1
1174,76,428,0.62,53,10,1
1175,76,426,0.62,51,3.5,1
1176,76,434,0.62,51,10,1
1177,76,428,0.62,51,10,1
1178,76,428,0.62,54.9,10,1
1179,76,418,0.61,51.7,10,1
1180,76,418,0.61,53.4,10,1
1181,76,416,0.61,52.3,10,1
1182,76,419,0.61,51,10,1
1183,76,418,0.61,50.3,10,1
1184,76,418,0.61,50.8,10,1
1185,76,426,0.62,51.3,10,1
1186,76,434,0.62,51.7,10,1
1187,76,428,0.62,52.2,10,1
1188,76,428,0.62,52.7,10,1
1189,76,418,0.63,53.2,6.3,1
1190,76,428,0.63,53.7,10,1
1191,76,428,0.63,54.1,10,1
1192,76,418,0.63,54.6,10,1
1193,76,418,0.63,52.5,10,1
1194,76,416,0.63,51.7,10,1
1195,76,419,0.63,55.1,6.1,1
1196,76,418,0.63,53.4,2.8,1
1197,76,418,0.63,55.8,10,1
1198,76,426,0.63,50.3,10,1
1199,76,426,0.63,53.8,10,1
1200,76,426,0.61,54.9,9.5,1
1201,76,424,0.63,51.3,3.2,1
1202,76,426,0.63,51.7,2.3,1
1203,76,418,0.63,52.2,2.3,1
1204,76,426,0.63,53.2,2.9,1
1205,76,426,0.63,53.7,10,1
1206,76,418,0.63,54.1,5.5,1
1207,76,418,0.63,54.6,10,1
1208,76,419,0.63,55.8,10,1
1209,76,434,0.63,53.8,6.3,1
1210,76,434,0.63,53.7,10,1
1211,76,424,0.62,53.5,10,1
1212,76,426,0.62,53.4,5.5,1
1213,76,428,0.63,53.2,6.4,1
1214,76,418,0.63,53.1,8.4,1
1215,76,419,0.61,52.9,3.5,1
1216,76,416,0.61,52.8,10,1
1217,76,424,0.61,52.6,10,1
1218,76,426,0.61,52.5,10,1
1219,76,426,0.62,51.7,10,1
1220,76,426,0.61,55.1,10,1
1221,76,418,0.62,53.4,10,1
1222,76,416,0.62,51.7,10,1
1223,76,418,0.62,50.4,10,1
1224,76,428,0.62,51.9,10,1
1225,76,434,0.62,53.4,5.2,1
1226,76,434,0.61,53.7,10,1
1227,76,418,0.61,51.1,10,1
1228,76,418,0.61,51.1,10,1
1229,76,418,0.61,53.5,10,1
1230,76,418,0.61,53.2,10,1
1231,76,426,0.61,52.7,10,1
1232,76,426,0.61,51,7.7,1
1233,76,428,0.61,52.3,10,1
1234,76,418,0.61,53.4,10,1
1235,76,418,0.61,51.7,10,1
1236,76,428,0.61,51.7,10,1
1237,76,486,0.61,53.4,10,1
1238,76,486,0.62,52.3,10,1
1239,76,457,0.61,51,10,1
1240,76,444,0.62,50.3,5.9,1
1241,76,434,0.62,50.8,6.1,1
1242,76,428,0.61,51.3,10,1
1243,76,418,0.61,51.7,9.1,1
1244,76,419,0.62,52.2,10,1
1245,76,416,0.61,52.7,10,1
1246,76,496,0.61,53.2,10,1
1247,76,418,0.61,53.7,10,1
1248,76,428,0.61,54.1,10,1
1249,76,428,0.61,54.6,10,1
1250,76,434,0.61,55.8,10,1
1251,76,434,0.61,53.8,10,1
1252,76,424,0.61,53.7,10,1
1253,76,426,0.61,53.5,10,1
1254,76,426,0.61,53.4,8.3,1
1255,76,426,0.61,53.7,10,1
1256,76,418,0.61,53.2,9,1
1257,76,418,0.61,54.1,10,1
1258,76,434,0.61,55.8,10,1
1259,76,490,0.61,51.7,10,1
1260,76,491,0.61,53.4,10,1
1261,76,428,0.61,52.3,10,1
1262,76,434,0.61,51,6.36,1
1263,76,434,0.61,50.3,10,1
1264,76,442,0.61,50.8,10,1
1265,76,447,0.61,51.3,10,1
1266,76,458,0.61,51.7,10,1
1267,76,458,0.62,52.2,10,1
1268,76,463,0.62,52.7,6,1
1269,76,463,0.62,53.2,10,1
1270,75,494,0.62,53.7,10,1
1271,76,469,0.63,54.1,4.8,1
1272,76,475,0.61,54.6,10,1
1273,76,475,0.63,55.8,10,1
1274,76,482,0.63,53.8,10,1
1275,76,482,0.63,53.7,10,1
1276,76,486,0.63,54.9,9.2,1
1277,76,486,0.63,53.4,10,1
1278,76,490,0.63,51.9,6.1,1
1279,76,494,0.63,50.4,7.9,1
1280,76,493,0.63,50.4,10,1
1281,76,469,0.62,51.9,10,1
1282,76,444,0.62,53.7,3.6,1
1283,76,457,0.62,53.8,10,1
1284,76,486,0.61,54.6,10,1
1285,76,490,0.61,53.1,10,1
1286,76,496,0.63,52.9,10,1
1287,76,486,0.61,52.8,10,1
1288,76,486,0.63,52.8,10,1
1289,76,457,0.63,52.8,10,1
1290,76,444,0.63,52.9,10,1
1291,76,434,0.63,52.9,10,1
1292,76,428,0.63,52.9,10,1
1293,76,418,0.61,53,10,1
1294,76,494,0.61,53,10,1
1295,76,418,0.61,53.1,10,1
1296,76,419,0.61,53.1,10,1
1297,76,416,0.61,53.1,10,1
1298,76,416,0.62,53.2,10,1
1299,76,419,0.62,53.2,10,1
1300,76,418,0.62,53.2,10,1
1301,76,418,0.62,51.7,10,1
1302,76,428,0.62,53.4,10,1
1303,76,428,0.62,55.1,10,1
1304,76,434,0.62,51.7,9.5,1
1305,76,418,0.61,52.5,10,1
1306,76,434,0.61,51.9,6.2,1
1307,76,491,0.62,51.8,7.3,1
1308,75,494,0.61,51.7,10,1
1309,76,418,0.61,51.6,10,1
1310,76,428,0.62,51.9,10,1
1311,76,428,0.63,53.5,10,1
1312,76,434,0.63,51.9,10,1
1313,76,434,0.63,53.1,8.6,1
1314,76,442,0.61,52.9,10,1
1315,76,447,0.61,52.8,10,1
1316,76,458,0.61,52.6,10,1
1317,76,458,0.61,52.6,10,1
1318,76,493,0.61,52.5,9.06,1
1319,76,463,0.61,51.7,7.66,1
1320,76,469,0.61,55.1,10,1
1321,76,469,0.61,53.4,10,1
1322,76,475,0.63,51.7,10,1
1323,76,475,0.63,51.9,10,1
1324,76,482,0.63,51.9,10,1
1325,76,482,0.63,51.9,10,1
1326,76,486,0.63,53.5,10,1
1327,76,486,0.63,51.9,10,1
1328,76,490,0.63,51.9,4.7,1
1329,76,463,0.63,51.7,10,1
1330,76,486,0.63,51.9,10,1
1331,76,418,0.63,53.5,10,1
1332,76,418,0.63,53,2.4,1
1333,76,458,0.63,53,10,1
1334,76,458,0.63,53,10,1
1335,76,463,0.63,51,10,1
1336,76,463,0.63,51,5.8,1
1337,76,469,0.63,51,10,1
1338,76,469,0.63,51.7,10,1
1339,76,475,0.63,53.4,10,1
1340,76,475,0.63,55.1,10,1
1341,76,482,0.63,51.7,10,1
1342,76,447,0.63,52.5,10,1
1343,76,482,0.62,51.9,10,1
1344,76,486,0.62,53.2,10,1
1345,76,490,0.62,53.2,10,1
1346,76,494,0.62,53.2,10,1
1347,76,493,0.62,54.1,10,1
1348,76,491,0.62,54.6,10,1
1349,76,494,0.63,54.6,10,1
1350,76,490,0.62,54.1,10,1
1351,76,496,0.63,53.7,3.26,1
1352,76,486,0.64,53.2,10,1
1353,76,486,0.63,52.7,10,1
1354,76,418,0.61,52.2,10,1
1355,76,442,0.61,51.7,10,1
1356,76,428,0.61,51.3,10,1
1357,76,418,0.61,50.8,10,1
1358,76,418,0.61,50.3,10,1
1359,76,426,0.61,50.4,10,1
1360,76,426,0.61,51.9,10,1
1361,76,426,0.63,53.4,10,1
1362,76,424,0.61,54.9,10,1
1363,76,424,0.64,53.7,10,1
1364,76,426,0.64,53.8,10,1
1365,76,426,0.64,55.8,10,1
1366,76,434,0.64,51,10,1
1367,76,426,0.64,52.3,10,1
1368,76,418,0.64,53.4,10,1
1369,76,418,0.64,51.7,2.3,1
1370,76,418,0.64,51.7,10,1
1371,76,426,0.62,53.4,10,1
1372,76,426,0.62,53.7,10,1
1373,76,426,0.62,52.3,10,1
1374,76,424,0.64,53.2,10,1
1375,76,418,0.64,52.2,10,1
1376,75,428,0.64,53.4,10,1
1377,76,418,0.62,53.5,10,1
1378,76,493,0.62,53.7,10,1
1379,76,486,0.62,53.8,10,1
1380,76,418,0.61,53.5,10,1
1381,76,439,0.61,51.9,10,1
1382,76,446,0.61,51.9,10,1
1383,76,448,0.61,51.9,10,1
1384,76,448,0.61,51.9,10,1
1385,76,448,0.61,53.5,10,1
1386,76,418,0.62,51.9,10,1
1387,75,418,0.62,51.9,10,1
1388,76,426,0.62,51.9,10,1
1389,76,426,0.61,51.7,10,1
1390,76,426,0.61,53.4,10,1
1391,76,424,0.61,55.1,10,1
1392,76,448,0.61,51.7,10,1
1393,76,448,0.61,52.5,10,1
1394,76,448,0.61,52.6,3.7,1
1395,76,491,0.61,52.8,10,1
1396,76,498,0.61,52.9,10,1
1397,76,502,0.61,50.3,10,1
1398,76,507,0.61,50.8,2.4,1
1399,76,508,0.61,51.3,10,1
1400,76,432,0.61,51.7,10,1
1401,76,426,0.61,52.7,4.8,1
1402,76,426,0.61,51,10,1
1403,76,434,0.61,50.3,10,1
1404,76,494,0.61,50.8,10,1
1405,76,493,0.61,51.7,10,1
1406,76,491,0.61,50.3,10,1
1407,76,494,0.62,50.8,10,1
1408,76,490,0.62,51.3,10,1
1409,76,496,0.62,51.7,10,1
1410,76,486,0.62,52.2,8.1,1
1411,76,486,0.62,52.7,10,1
1412,76,457,0.62,53.2,10,1
1413,76,500,0.62,53.7,10,1
1414,76,444,0.62,54.1,10,1
1415,76,428,0.62,54.6,10,1
1416,76,418,0.62,55.8,3.4,1
1417,76,419,0.61,53.8,10,1
1418,76,416,0.63,53.7,9.4,1
1419,76,418,0.61,54.9,10,1
1420,76,418,0.61,53.4,10,1
1421,76,428,0.61,51.9,10,1
1422,76,428,0.61,50.4,10,1
1423,76,434,0.61,51.9,10,1
1424,76,434,0.61,51.9,10,1
1425,76,501,0.61,51.9,10,1
1426,76,499,0.61,53.5,10,1
1427,76,497,0.61,51.9,10,1
1428,76,442,0.61,51.9,6.5,1
1429,76,434,0.61,51.9,10,1
1430,76,419,0.61,53.4,10,1
1431,76,416,0.61,52.3,10,1
1432,76,434,0.61,51,10,1
1433,76,428,0.63,51,10,1
1434,76,428,0.61,51.3,10,1
1435,76,418,0.61,51.7,10,1
1436,76,418,0.62,52.2,10,1
1437,75,447,0.61,52.7,10,1
1438,76,418,0.63,53.2,10,1
1439,76,428,0.63,53.7,7.7,1
1440,76,434,0.63,54.1,10,1
1441,76,442,0.63,54.6,10,1
1442,76,447,0.63,53.8,10,1
1443,76,458,0.63,53.7,10,1
1444,76,458,0.63,51.9,10,1
1445,76,463,0.63,50.4,10,1
1446,76,463,0.63,53.2,10,1
1447,76,469,0.63,55.8,10,1
1448,76,428,0.62,54.1,10,1
1449,76,490,0.64,53.7,10,1
1450,76,458,0.64,53.2,10,1
1451,76,463,0.64,52.7,5,1
1452,76,498,0.64,52.2,10,1
1453,76,498,0.64,51.7,10,1
1454,76,504,0.64,51.3,10,1
1455,76,498,0.64,50.8,10,1
1456,76,493,0.64,50.3,10,1
1457,76,490,0.61,51.7,10,1
1458,76,486,0.61,53.4,2.7,1
1459,76,418,0.63,52.3,10,1
1460,76,418,0.61,54.6,9.7,1
1461,76,463,0.61,53.5,10,1
1462,76,426,0.62,53.1,10,1
1463,76,426,0.62,52.8,8,1
1464,76,424,0.62,53.8,10,1
1465,76,486,0.62,53.7,10,1
1466,76,482,0.62,53.5,10,1
1467,76,482,0.62,50.3,10,1
1468,76,475,0.62,50.8,10,1
1469,76,475,0.61,51.3,10,1
1470,75,469,0.61,51.7,10,1
1471,76,469,0.61,52.2,10,1
1472,76,426,0.61,52.7,10,1
1473,76,469,0.61,53.2,10,1
1474,76,486,0.61,53.7,10,1
1475,76,482,0.61,54.1,10,1
1476,76,428,0.61,54.6,10,1
1477,76,428,0.61,53.4,10,1
1478,76,434,0.61,53.2,10,1
1479,76,434,0.61,53.1,10,1
1480,76,447,0.62,52.9,4.6,1
1481,76,442,0.62,52.8,5.3,1
1482,76,434,0.62,52.6,10,1
1483,76,434,0.62,52.5,3.3,1
1484,76,428,0.61,51.7,10,1
1485,76,428,0.61,55.1,10,1
1486,76,418,0.63,53.4,5.7,1
1487,76,418,0.63,51.7,3.5,1
1488,76,418,0.63,53,8.1,1
1489,76,418,0.62,55.8,10,1
1490,76,426,0.63,53,6.9,1
1491,76,426,0.63,51,2.4,1
1492,76,426,0.63,53.4,10,1
1493,76,424,0.63,53.1,10,1
1494,76,416,0.62,53.1,2.8,1
1495,76,418,0.62,53.1,10,1
1496,76,418,0.62,53,10,1
1497,76,458,0.62,53,10,1
1498,76,463,0.62,52.9,2.7,1
1499,76,494,0.62,52.9,10,1
1500,76,490,0.62,52.9,10,1
1501,76,496,0.61,52.8,10,1
1502,76,486,0.61,52.8,10,1
1503,76,486,0.61,50.4,10,1
1504,76,457,0.61,51.9,10,1
1505,76,444,0.61,53.7,10,1
1506,75,434,0.61,53.8,10,1
1507,76,428,0.61,55.8,10,1
1508,76,419,0.61,53.1,10,1
1509,76,418,0.61,52.9,10,1
1510,76,482,0.61,52.8,10,1
1511,76,482,0.61,52.6,10,1
1512,76,475,0.62,52.5,10,1
1513,76,475,0.62,51.7,10,1
1514,76,469,0.62,55.1,10,1
1515,76,419,0.62,53.4,10,1
1516,76,416,0.63,51.7,10,1
1517,76,469,0.63,51.7,10,1
1518,76,463,0.63,52.3,10,1
1519,76,486,0.63,53,10,1
1520,76,424,0.63,51,10,1
1521,76,426,0.63,51,10,1
1522,76,426,0.63,53.2,10,1
1523,76,416,0.63,53.2,10,1
1524,76,416,0.63,53.2,10,1
1525,76,419,0.63,51.7,10,1
1526,76,418,0.63,53.4,10,1
1527,76,418,0.63,55.1,10,1
1528,76,428,0.63,51.7,10,1
1529,76,428,0.63,52.5,10,1
1530,76,434,0.63,51.9,10,1
1531,76,434,0.63,51.8,10,1
1532,76,419,0.63,51.7,10,1
1533,76,442,0.62,51.6,10,1
1534,76,458,0.62,51.9,10,1
1535,76,458,0.62,53.5,10,1
1536,76,463,0.62,51.9,10,1
1537,76,463,0.62,53.5,10,1
1538,76,469,0.62,53,10,1
1539,76,469,0.62,53,10,1
1540,76,475,0.63,53,10,1
1541,76,475,0.62,51.7,10,1
1542,76,482,0.61,53.4,10,1
1543,76,447,0.61,55.1,10,1
1544,76,486,0.62,51.7,10,1
1545,76,418,0.62,52.5,10,1
1546,76,428,0.62,52.6,10,1
1547,76,432,0.62,53.1,10,1
1548,76,439,0.62,53.1,10,1
1549,76,418,0.62,53.1,3.3,1
1550,76,418,0.62,53,2.4,1
1551,76,426,0.62,51,10,1
1552,76,426,0.62,54.9,10,1
1553,76,426,0.62,51.9,10,1
1554,76,424,0.62,51.9,6.66,1
1555,76,446,0.62,51.9,10,1
1556,76,418,0.62,53.5,10,1
1557,76,448,0.62,51.9,9.4,1
1558,76,450,0.62,51.9,10,1
1559,76,456,0.62,51.9,10,1
1560,75,456,0.62,51.9,10,1
1561,76,447,0.62,53.5,10,1
1562,76,442,0.62,51.7,10,1
1563,76,434,0.62,52.9,10,1
1564,76,434,0.62,53.4,10,1
1565,76,418,0.62,51.7,10,1
1566,76,428,0.63,52.5,10,1
1567,76,448,0.62,52.6,10,1
1568,76,475,0.63,52.8,3.66,1
1569,76,475,0.61,52.9,10,1
1570,76,482,0.61,53.1,10,1
1571,76,416,0.62,52.8,10,1
1572,76,418,0.62,52.8,10,1
1573,76,418,0.61,52.9,10,1
1574,76,428,0.61,52.9,10,1
1575,76,428,0.61,52.9,10,1
1576,76,442,0.61,53,9.6,1
1577,76,447,0.61,55.1,10,1
1578,76,458,0.61,55.8,10,1
1579,76,458,0.61,53.1,7.7,1
1580,76,463,0.61,52.9,10,1
1581,76,463,0.61,52.8,10,1
1582,76,469,0.61,52.6,9.1,1
1583,76,469,0.61,52.5,2.9,1
1584,76,475,0.61,51.7,9.1,1
1585,76,475,0.61,55.1,4.4,1
1586,76,482,0.61,53.4,10,1
1587,76,482,0.61,51.7,10,1
1588,76,486,0.61,53,2.1,1
1589,76,486,0.61,55.8,10,1
1590,76,419,0.61,53,10,1
1591,76,424,0.61,51,10,1
1592,76,426,0.61,53.4,10,1
1593,76,426,0.61,53.1,10,1
1594,76,428,0.61,53.1,10,1
1595,76,434,0.63,53.1,10,1
1596,76,434,0.63,53,10,1
1597,76,418,0.63,53,10,1
1598,76,418,0.61,52.9,10,1
1599,76,418,0.61,52.9,3.9,1
1600,76,418,0.61,52.9,10,1
1601,76,426,0.62,52.8,10,1
1602,76,426,0.61,53,10,1
1603,76,490,0.61,51,10,1
1604,76,426,0.61,51,10,1
1605,76,424,0.61,53.2,10,1
1606,76,426,0.61,53.2,5.5,1
1607,76,426,0.61,53.2,5.2,1
1608,76,426,0.61,51.7,9.7,1
1609,76,418,0.61,53.4,10,1
1610,76,418,0.64,55.1,10,1
1611,76,418,0.64,51.7,10,1
1612,76,418,0.64,52.5,10,1
1613,76,426,0.64,51.9,6.8,1
1614,76,424,0.64,51.8,10,1
1615,76,494,0.64,51.7,10,1
1616,76,493,0.64,51.6,9.1,1
1617,76,491,0.64,51.9,3.9,1
1618,76,434,0.63,53.5,10,1
1619,76,434,0.63,51.9,10,1
1620,76,428,0.63,53.5,10,1
1621,76,418,0.62,53,10,1
1622,76,418,0.62,53,10,1
1623,76,426,0.62,53,10,1
1624,76,426,0.64,51.7,10,1
1625,76,426,0.63,53.4,10,1
1626,76,424,0.63,55.1,10,1
1627,76,434,0.63,51.7,10,1
1628,76,428,0.63,52.5,10,1
1629,76,418,0.63,52.6,10,1
1630,76,416,0.63,53.1,10,1
1631,76,419,0.63,53.1,10,1
1632,76,418,0.63,53.1,2.86,1
1633,76,428,0.63,53,10,1
1634,76,434,0.63,51,10,1
1635,76,444,0.63,54.9,10,1
1636,76,457,0.62,51.9,10,1
1637,76,418,0.63,51.9,10,1
1638,76,418,0.63,51.9,10,1
1639,76,428,0.63,53.5,10,1
1640,76,434,0.63,51.9,10,1
1641,76,428,0.63,51.9,10,1
1642,76,494,0.64,51.9,10,1
1643,76,490,0.64,51.9,10,1
1644,76,496,0.64,53.5,10,1
1645,76,486,0.64,51.7,10,1
1646,76,486,0.64,52.9,10,1
1647,76,457,0.64,53.4,10,1
1648,76,444,0.64,51.7,4.86,1
1649,76,434,0.63,52.5,10,1
1650,76,428,0.61,52.6,10,1
1651,76,428,0.61,52.8,10,1
1652,76,418,0.61,52.9,10,1
1653,76,426,0.62,53.1,7.2,1
1654,76,426,0.62,52.8,9.6,1
1655,76,426,0.61,52.8,10,1
1656,76,418,0.61,52.9,10,1
1657,76,418,0.61,52.9,5.5,1
1658,76,419,0.61,52.9,6.7,1
1659,76,416,0.61,53,4.4,1
1660,76,418,0.61,55.1,10,1
1661,76,418,0.61,55.8,10,1
1662,76,424,0.61,53.1,10,1
1663,76,418,0.61,52.9,10,1
1664,76,418,0.61,52.8,10,1
1665,76,426,0.61,52.6,5.96,1
1666,76,428,0.61,52.5,10,1
1667,76,428,0.61,51.7,10,1
1668,76,434,0.61,55.1,10,1
1669,76,434,0.61,53.4,10,1
1670,76,424,0.61,51.7,7.66,1
1671,76,426,0.61,53,10,1
1672,76,418,0.61,55.8,10,1
1673,76,418,0.61,53,10,1
1674,76,426,0.61,51,10,1
1675,76,418,0.61,53.4,10,1
1676,76,426,0.62,53.1,10,1
1677,76,424,0.61,53.1,10,1
1678,76,416,0.61,53.1,10,1
1679,76,419,0.61,53,8.6,1
1680,76,418,0.61,53,10,1
1681,76,418,0.62,52.9,5.9,1
1682,76,426,0.62,52.9,3.3,1
1683,76,426,0.62,52.9,10,1
1684,76,426,0.61,52.8,10,1
1685,76,424,0.61,53,10,1
1686,76,426,0.62,51,10,1
1687,76,424,0.61,51,10,1
1688,75,418,0.62,51,10,1
1689,76,419,0.62,51,10,1
1690,76,482,0.61,51,10,1
1691,76,486,0.61,51,10,1
1692,76,486,0.61,51,10,1
1693,76,490,0.61,51,10,1
1694,76,494,0.61,51,10,1
1695,76,493,0.61,51,10,1
1696,76,491,0.61,51,10,1
1697,76,494,0.61,51,10,1
1698,76,490,0.61,51,10,1
1699,76,416,0.61,51,7.9,1
1700,76,496,0.61,51,10,1
1701,76,486,0.61,51,10,1
1702,76,457,0.61,51,10,1
1703,76,444,0.61,53.5,5.5,1
1704,76,434,0.61,53,5.8,1
1705,76,428,0.61,53,10,1
1706,76,418,0.61,53,10,1
1707,76,418,0.62,51.7,10,1
1708,76,416,0.61,53.4,10,1
1709,76,419,0.61,55.1,10,1
1710,76,486,0.61,51.7,10,1
1711,76,426,0.61,52.5,10,1
1712,76,426,0.61,52.6,10,1
1713,76,426,0.61,53.1,10,1
1714,76,486,0.62,53.1,10,1
1715,76,490,0.62,53.1,10,1
1716,76,494,0.62,52.5,10,1
1717,76,493,0.61,52.6,10,1
1718,76,491,0.61,52.8,10,1
1719,76,494,0.61,52.9,3,1
1720,76,490,0.61,53.1,10,1
1721,76,496,0.61,52.8,10,1
1722,76,486,0.61,52.8,10,1
1723,76,486,0.61,52.9,2.5,1
1724,76,486,0.61,55,5.1,1
1725,76,444,0.61,55,9.8,1
1726,76,434,0.61,55,10,1
1727,76,428,0.61,56,10,1
1728,76,418,0.61,56,10,1
1729,76,419,0.61,56,5.3,1
1730,76,416,0.61,56,10,1
1731,76,424,0.61,56,10,1
1732,76,426,0.61,52.5,10,1
1733,76,426,0.61,52.6,7.06,1
